movement_id,product_id,warehouse_id,movement_type,quantity,unit_cost,movement_time,event_date
M001,P001,W01,OUT,4,3500,2026-08-26 08:10:00,2026-08-26
M002,P002,W01,OUT,12,150,2026-08-26 08:20:00,2026-08-26
M003,P003,W01,IN,20,80,2026-08-26 09:00:00,2026-08-26
M004,P004,W02,OUT,11,900,2026-08-26 09:30:00,2026-08-26
M005,P005,W02,OUT,25,250,2026-08-26 10:00:00,2026-08-26
M006,P001,W01,IN,5,3400,2026-08-26 11:00:00,2026-08-26
M007,P003,W01,OUT,8,80,2026-08-26 11:30:00,2026-08-26
M008,P002,W01,OUT,-5,150,2026-08-26 12:00:00,2026-08-26

